"referid","testid","seqid","algorithm","sp","tc","time"
"ref8","test","ptga_2_ref8","tcoffee","0.790","0.576","19307.953"
"ref8","test","ptga_2_ref8","dialign","0.558","0.214","15398.157"
"ref8","test","ptga_2_ref8","poa","0.489","0.192","2658.893"
"ref8","test","ptga_2_ref8","clustalw2","0.547","0.206","5446.718"
"ref1","test2","1ppn_ref1","tcoffee","0.983","0.971","295.784"
"ref1","test2","1ppn_ref1","dialign","0.908","0.850","144.743"
"ref1","test2","1ppn_ref1","poa","0.949","0.913","122.061"
"ref1","test2","1ppn_ref1","clustalw2","0.987","0.976","130.485"
"ref1","test3","1lcf_ref1","tcoffee","0.970","0.937","1583.284"
"ref1","test3","1lcf_ref1","dialign","0.916","0.830","1153.834"
"ref1","test3","1lcf_ref1","poa","0.922","0.839","388.75"
"ref1","test3","1lcf_ref1","clustalw2","0.948","0.903","937.627"
"ref6","test_1a","dead_ref6","tcoffee","","","27024.809"
"ref6","test_1a","dead_ref6","dialign","","","15420.384"
"ref6","test_1a","dead_ref6","poa","","","2946.124"
"ref6","test_1a","dead_ref6","clustalw2","","","8546.346"
"ref1","test3","1ped_ref1","tcoffee","0.759","0.672","373.629"
"ref1","test3","1ped_ref1","dialign","0.219","0.000","193.96"
"ref1","test3","1ped_ref1","poa","0.330","0.179","124.635"
"ref1","test3","1ped_ref1","clustalw2","0.748","0.666","132.765"
"ref3","test","1wit_ref3","tcoffee","0.827","0.587","1023.958"
"ref3","test","1wit_ref3","dialign","0.765","0.400","451.703"
"ref3","test","1wit_ref3","poa","0.661","0.162","173.795"
"ref3","test","1wit_ref3","clustalw2","0.802","0.475","118.673"
"ref2","test1","1ped_ref2","tcoffee","0.923","0.668","5454.737"
"ref2","test1","1ped_ref2","dialign","0.838","0.597","3452.302"
"ref2","test1","1ped_ref2","poa","0.886","0.480","702.989"
"ref2","test1","1ped_ref2","clustalw2","0.897","0.550","1485.569"
"ref1","test1","1dox_ref1","tcoffee","0.909","0.852","267.52"
"ref1","test1","1dox_ref1","dialign","0.912","0.840","107.769"
"ref1","test1","1dox_ref1","poa","0.901","0.852","545.759"
"ref1","test1","1dox_ref1","clustalw2","0.920","0.864","107.116"
"ref1","test1","1pfc_ref1","tcoffee","0.839","0.723","251.435"
"ref1","test1","1pfc_ref1","dialign","0.731","0.505","61.242"
"ref1","test1","1pfc_ref1","poa","0.761","0.564","119.824"
"ref1","test1","1pfc_ref1","clustalw2","0.763","0.594","40.752"
"ref6","test_2c","lrr_2_ref6","tcoffee","","","2051.007"
"ref6","test_2c","lrr_2_ref6","dialign","","","1117.691"
"ref6","test_2c","lrr_2_ref6","poa","","","474.289"
"ref6","test_2c","lrr_2_ref6","clustalw2","","","765.53"
"ref4","test","kinase2_ref4","tcoffee","0.830","0.489","9006.376"
"ref4","test","kinase2_ref4","dialign","0.466","0.000","5249.197"
"ref4","test","kinase2_ref4","poa","0.722","0.348","1544.83"
"ref4","test","kinase2_ref4","clustalw2","0.754","0.473","2267.787"
"ref6","test_4","lrr_1_ref6","tcoffee","","","6299.462"
"ref6","test_4","lrr_1_ref6","dialign","","","4139.773"
"ref6","test_4","lrr_1_ref6","poa","","","1238.455"
"ref6","test_4","lrr_1_ref6","clustalw2","","","2347.504"
"ref6","test_1b","dead_ref6","tcoffee","","","11411.238"
"ref6","test_1b","dead_ref6","dialign","","","7200.661"
"ref6","test_1b","dead_ref6","poa","","","1842.578"
"ref6","test_1b","dead_ref6","clustalw2","","","4786.608"
"ref6","test_2c","dead_ref6","tcoffee","","","31690.052"
"ref6","test_2c","dead_ref6","dialign","","","24423.566"
"ref6","test_2c","dead_ref6","poa","","","5314.379"
"ref6","test_2c","dead_ref6","clustalw2","","","11517.327"
"ref6","test_3","dead_ref6","tcoffee","","","19359.843"
"ref6","test_3","dead_ref6","dialign","","","15859.534"
"ref6","test_3","dead_ref6","poa","","","2940.956"
"ref6","test_3","dead_ref6","clustalw2","","","7835.132"
"ref6","test","sushi_ref6","tcoffee","","",""
"ref6","test","sushi_ref6","dialign","","",""
"ref6","test","sushi_ref6","poa","","",""
"ref6","test","sushi_ref6","clustalw2","","","31601.796"
"ref6","test_2a","lrr_3_ref6","tcoffee","","","901.355"
"ref6","test_2a","lrr_3_ref6","dialign","","","535.846"
"ref6","test_2a","lrr_3_ref6","poa","","","168.424"
"ref6","test_2a","lrr_3_ref6","clustalw2","","","443.781"
"ref5","test","2cba_ref5","tcoffee","0.878","0.685","773.294"
"ref5","test","2cba_ref5","dialign","0.604","0.000","467.247"
"ref5","test","2cba_ref5","poa","0.708","0.371","204.133"
"ref5","test","2cba_ref5","clustalw2","0.777","0.442","243.471"
"ref6","test_3","sh3_ref6","tcoffee","","","3859.013"
"ref6","test_3","sh3_ref6","dialign","","","2616.051"
"ref6","test_3","sh3_ref6","poa","","","747.809"
"ref6","test_3","sh3_ref6","clustalw2","","","1073.622"
"ref5","test","kinase3_ref5","tcoffee","0.917","0.690","3542.022"
"ref5","test","kinase3_ref5","dialign","0.851","0.552","2351.575"
"ref5","test","kinase3_ref5","poa","0.652","0.117","737.799"
"ref5","test","kinase3_ref5","clustalw2","0.778","0.407","1152.161"
"ref6","test_2b","lrr_2_ref6","tcoffee","","","641.57"
"ref6","test_2b","lrr_2_ref6","dialign","","","382.787"
"ref6","test_2b","lrr_2_ref6","poa","","","166.518"
"ref6","test_2b","lrr_2_ref6","clustalw2","","","329.985"
"ref7","test","dtd_ref7","tcoffee","0.843","0.290","142646.036"
"ref7","test","dtd_ref7","dialign","0.746","0.000","118787.491"
"ref7","test","dtd_ref7","poa","0.724","0.142","16335.912"
"ref7","test","dtd_ref7","clustalw2","0.733","0.229","31697.763"
"ref5","test","S52_ref5","tcoffee","0.911","0.869","403.39"
"ref5","test","S52_ref5","dialign","0.557","0.000","180.005"
"ref5","test","S52_ref5","poa","0.779","0.701","163.976"
"ref5","test","S52_ref5","clustalw2","0.902","0.841","214.614"
"ref6","test_2c","lrr_1_ref6","tcoffee","","","2515.88"
"ref6","test_2c","lrr_1_ref6","dialign","","","1420.892"
"ref6","test_2c","lrr_1_ref6","poa","","","579.571"
"ref6","test_2c","lrr_1_ref6","clustalw2","","","973.418"
"ref4","test","kinase1_ref4","tcoffee","0.922","0.776","1144.572"
"ref4","test","kinase1_ref4","dialign","0.842","0.631","502.191"
"ref4","test","kinase1_ref4","poa","0.764","0.452","252.251"
"ref4","test","kinase1_ref4","clustalw2","0.873","0.624","387.189"
"ref8","test","ptga_1_ref8","tcoffee","0.456","0.000","19819.756"
"ref8","test","ptga_1_ref8","dialign","0.572","0.227","15352.625"
"ref8","test","ptga_1_ref8","poa","0.409","0.000","2637.774"
"ref8","test","ptga_1_ref8","clustalw2","0.440","0.000","5269.892"
"ref2","test1","1tvxA_ref2","tcoffee","0.903","0.444","545.474"
"ref2","test1","1tvxA_ref2","dialign","0.844","0.000","286.044"
"ref2","test1","1tvxA_ref2","poa","0.850","0.148","133.123"
"ref2","test1","1tvxA_ref2","clustalw2","0.942","0.556","240.718"
"ref6","test_2a","lrr_2_ref6","tcoffee","","","347.107"
"ref6","test_2a","lrr_2_ref6","dialign","","","211.591"
"ref6","test_2a","lrr_2_ref6","poa","","","142.914"
"ref6","test_2a","lrr_2_ref6","clustalw2","","","162.03"
"ref6","test_1a","sh3_ref6","tcoffee","","","323.393"
"ref6","test_1a","sh3_ref6","dialign","","","127.456"
"ref6","test_1a","sh3_ref6","poa","","","143.789"
"ref6","test_1a","sh3_ref6","clustalw2","","","95.795"
"ref4","test","1csp_ref4","tcoffee","0.566","0.000","454.748"
"ref4","test","1csp_ref4","dialign","0.589","0.298","143.942"
"ref4","test","1csp_ref4","poa","0.475","0.000","134.314"
"ref4","test","1csp_ref4","clustalw2","0.498","0.000","122.351"
"ref5","test","kinase2_ref5","tcoffee","0.875","0.675","1968.056"
"ref5","test","kinase2_ref5","dialign","0.643","0.022","1065.588"
"ref5","test","kinase2_ref5","poa","0.672","0.258","343.486"
"ref5","test","kinase2_ref5","clustalw2","0.819","0.336","537.201"
"ref6","test_2b","lrr_1_ref6","tcoffee","","","1169.117"
"ref6","test_2b","lrr_1_ref6","dialign","","","693.573"
"ref6","test_2b","lrr_1_ref6","poa","","","193.984"
"ref6","test_2b","lrr_1_ref6","clustalw2","","","334.206"
"ref5","test","S51_ref5","tcoffee","0.862","0.602","2327.002"
"ref5","test","S51_ref5","dialign","0.543","0.000","1253.868"
"ref5","test","S51_ref5","poa","0.675","0.308","404.75"
"ref5","test","S51_ref5","clustalw2","0.823","0.443","457.172"
"ref1","test1","1tvxA_ref1","tcoffee","0.284","0.000","216.51"
"ref1","test1","1tvxA_ref1","dialign","0.142","0.000","115.87"
"ref1","test1","1tvxA_ref1","poa","0.230","0.000","106.299"
"ref1","test1","1tvxA_ref1","clustalw2","0.216","0.000","42.439"
"ref3","test","4enl_ref3","tcoffee","0.800","0.257","6748.927"
"ref3","test","4enl_ref3","dialign","0.772","0.335","5302.682"
"ref3","test","4enl_ref3","poa","0.716","0.201","837.661"
"ref3","test","4enl_ref3","clustalw2","0.799","0.417","1880.869"
"ref5","test","kinase1_ref5","tcoffee","0.880","0.769","451.647"
"ref5","test","kinase1_ref5","dialign","0.781","0.573","227.903"
"ref5","test","kinase1_ref5","poa","0.664","0.465","189.804"
"ref5","test","kinase1_ref5","clustalw2","0.817","0.646","170.134"
"ref1","test2","2hsdA_ref1","tcoffee","0.677","0.448","374.636"
"ref1","test2","2hsdA_ref1","dialign","0.442","0.186","143.145"
"ref1","test2","2hsdA_ref1","poa","0.413","0.252","123.825"
"ref1","test2","2hsdA_ref1","clustalw2","0.590","0.262","69.61"
"ref1","test1","1hfh_ref1","tcoffee","0.896","0.789","259.311"
"ref1","test1","1hfh_ref1","dialign","0.326","0.000","84.345"
"ref1","test1","1hfh_ref1","poa","0.734","0.486","116.545"
"ref1","test1","1hfh_ref1","clustalw2","0.820","0.624","71.699"
"ref6","test_2a","sh3_ref6","tcoffee","","","3907.785"
"ref6","test_2a","sh3_ref6","dialign","","","2700.564"
"ref6","test_2a","sh3_ref6","poa","","","632.658"
"ref6","test_2a","sh3_ref6","clustalw2","","","1810.382"
"ref1","test2","1led_ref1","tcoffee","0.952","0.917","353.334"
"ref1","test2","1led_ref1","dialign","0.467","0.055","182.876"
"ref1","test2","1led_ref1","poa","0.842","0.739","109.904"
"ref1","test2","1led_ref1","clustalw2","0.900","0.826","157.675"
"ref7","test","photo_ref7","tcoffee","0.882","0.489","10912.624"
"ref7","test","photo_ref7","dialign","0.691","0.000","7528.941"
"ref7","test","photo_ref7","poa","0.711","0.242","957.384"
"ref7","test","photo_ref7","clustalw2","0.875","0.458","1985.771"
"ref6","test_2a","lrr_1_ref6","tcoffee","","","832.211"
"ref6","test_2a","lrr_1_ref6","dialign","","","449.189"
"ref6","test_2a","lrr_1_ref6","poa","","","179.561"
"ref6","test_2a","lrr_1_ref6","clustalw2","","","277.475"
"ref3","test","1idy_ref3","tcoffee","0.666","0.146","1109.391"
"ref3","test","1idy_ref3","dialign","0.385","0.000","713.15"
"ref3","test","1idy_ref3","poa","0.264","0.000","179.228"
"ref3","test","1idy_ref3","clustalw2","0.529","0.000","387.44"
"ref2","test1","2hsdA_ref2","tcoffee","0.874","0.314","3364.803"
"ref2","test1","2hsdA_ref2","dialign","0.651","0.000","2427.597"
"ref2","test1","2hsdA_ref2","poa","0.794","0.212","567.244"
"ref2","test1","2hsdA_ref2","clustalw2","0.813","0.377","986.937"
"ref1","test1","1csy_ref1","tcoffee","0.896","0.820","251.348"
"ref1","test1","1csy_ref1","dialign","0.847","0.742","142.743"
"ref1","test1","1csy_ref1","poa","0.728","0.607","109.554"
"ref1","test1","1csy_ref1","clustalw2","0.861","0.742","67.652"
"ref7","test","7tm_ref7","tcoffee","0.846","0.370","424276.708"
"ref7","test","7tm_ref7","dialign","0.755","0.000","266986.161"
"ref7","test","7tm_ref7","poa","0.715","0.199","28542.229"
"ref7","test","7tm_ref7","clustalw2","0.817","0.353","60269.307"
"ref7","test","acr_ref7","tcoffee","0.932","0.635","187872.829"
"ref7","test","acr_ref7","dialign","0.880","0.512","188866.745"
"ref7","test","acr_ref7","poa","0.824","0.361","23875.446"
"ref7","test","acr_ref7","clustalw2","0.900","0.576","55494.586"
"ref6","test_2c","ktn+trk_2_ref6","tcoffee","","","1238.173"
"ref6","test_2c","ktn+trk_2_ref6","dialign","","","885.65"
"ref6","test_2c","ktn+trk_2_ref6","poa","","","242.889"
"ref6","test_2c","ktn+trk_2_ref6","clustalw2","","","502.385"
"ref1","test3","actin_ref1","tcoffee","0.960","0.917","574.367"
"ref1","test3","actin_ref1","dialign","0.935","0.868","333.709"
"ref1","test3","actin_ref1","poa","0.934","0.876","163.529"
"ref1","test3","actin_ref1","clustalw2","0.931","0.852","205.62"
"ref6","test_2c","faa_3_ref6","tcoffee","","","1492.597"
"ref6","test_2c","faa_3_ref6","dialign","","","836.425"
"ref6","test_2c","faa_3_ref6","poa","","","327.455"
"ref6","test_2c","faa_3_ref6","clustalw2","","","426.978"
"ref6","test_2b","zf_2_ref6","tcoffee","","","3859.12"
"ref6","test_2b","zf_2_ref6","dialign","","","2185.723"
"ref6","test_2b","zf_2_ref6","poa","","","591.351"
"ref6","test_2b","zf_2_ref6","clustalw2","","","922.241"
"ref6","test","zf_ref6","tcoffee","","",""
"ref6","test","zf_ref6","dialign","","",""
"ref6","test","zf_ref6","poa","","",""
"ref6","test","zf_ref6","clustalw2","","","20310.098"
"ref1","test1","1aho_ref1","tcoffee","0.929","0.882","388.786"
"ref1","test1","1aho_ref1","dialign","0.882","0.784","153.72"
"ref1","test1","1aho_ref1","poa","0.822","0.725","138.681"
"ref1","test1","1aho_ref1","clustalw2","0.816","0.647","95.608"
"ref3","test","1ajsA_ref3","tcoffee","0.547","0.196","13490.953"
"ref3","test","1ajsA_ref3","dialign","0.388","0.000","8434.154"
"ref3","test","1ajsA_ref3","poa","0.433","0.093","1700.255"
"ref3","test","1ajsA_ref3","clustalw2","0.473","0.121","2337.826"
"ref1","test1","1krn_ref1","tcoffee","0.965","0.923","276.043"
"ref1","test1","1krn_ref1","dialign","0.582","","84.769"
"ref1","test1","1krn_ref1","poa","0.858","0.738","109.711"
"ref1","test1","1krn_ref1","clustalw2","0.969","0.923","69.939"
"ref2","test1","1csy_ref2","tcoffee","0.820","0.081","715.316"
"ref2","test1","1csy_ref2","dialign","0.629","0.000","403.892"
"ref2","test1","1csy_ref2","poa","0.697","0.000","179.035"
"ref2","test1","1csy_ref2","clustalw2","0.806","0.081","119.012"
"ref6","test_2c","zf_2_ref6","tcoffee","","","1920.46"
"ref6","test_2c","zf_2_ref6","dialign","","","1130.433"
"ref6","test_2c","zf_2_ref6","poa","","","411.484"
"ref6","test_2c","zf_2_ref6","clustalw2","","","717.625"
"ref6","test_2c","faa_2_ref6","tcoffee","","","673.486"
"ref6","test_2c","faa_2_ref6","dialign","","","425.074"
"ref6","test_2c","faa_2_ref6","poa","","","165.677"
"ref6","test_2c","faa_2_ref6","clustalw2","","","252.587"
"ref1","test1","1plc_ref1","tcoffee","0.948","0.869","194.919"
"ref1","test1","1plc_ref1","dialign","0.614","0.179","56.929"
"ref1","test1","1plc_ref1","poa","0.910","0.774","125.387"
"ref1","test1","1plc_ref1","clustalw2","0.924","0.810","33.958"
"ref6","test_2b","zf_1_ref6","tcoffee","","","1027.006"
"ref6","test_2b","zf_1_ref6","dialign","","","626.59"
"ref6","test_2b","zf_1_ref6","poa","","","226.371"
"ref6","test_2b","zf_1_ref6","clustalw2","","","376.187"
"ref1","test3","1pamA_ref1","tcoffee","0.546","0.381","1028.361"
"ref1","test3","1pamA_ref1","dialign","0.396","0.305","461.255"
"ref1","test3","1pamA_ref1","poa","0.237","0.035","223.082"
"ref1","test3","1pamA_ref1","clustalw2","0.448","0.270","312.092"
"ref3","test","1ubi_ref3","tcoffee","0.613","0.281","1317.793"
"ref3","test","1ubi_ref3","dialign","0.351","0.000","606.268"
"ref3","test","1ubi_ref3","poa","0.422","0.070","160.46"
"ref3","test","1ubi_ref3","clustalw2","0.611","0.193","106.747"
"ref6","test","trk_ref6","tcoffee","","","16815.63"
"ref6","test","trk_ref6","dialign","","","12374.293"
"ref6","test","trk_ref6","poa","","","2401.708"
"ref6","test","trk_ref6","clustalw2","","","3304.808"
"ref1","test2","5ptp_ref1","tcoffee","0.961","0.916","390.742"
"ref1","test2","5ptp_ref1","dialign","0.644","0.172","228.044"
"ref1","test2","5ptp_ref1","poa","0.927","0.833","121.677"
"ref1","test2","5ptp_ref1","clustalw2","0.948","0.888","134.018"
"ref6","test_2c","ktn+trk_1_ref6","tcoffee","","","2002.751"
"ref6","test_2c","ktn+trk_1_ref6","dialign","","","1168.532"
"ref6","test_2c","ktn+trk_1_ref6","poa","","","355.959"
"ref6","test_2c","ktn+trk_1_ref6","clustalw2","","","537.443"
"ref6","test","lrr_ref6","tcoffee","","","19660.208"
"ref6","test","lrr_ref6","dialign","","","13240.119"
"ref6","test","lrr_ref6","poa","","","2611.283"
"ref6","test","lrr_ref6","clustalw2","","","5439.095"
"ref6","test_4","zf_2_ref6","tcoffee","","","14443.597"
"ref6","test_4","zf_2_ref6","dialign","","",""
"ref6","test_4","zf_2_ref6","poa","","",""
"ref6","test_4","zf_2_ref6","clustalw2","","","6052.416"
"ref1","test2","2pia_ref1","tcoffee","0.671","0.551","404.516"
"ref1","test2","2pia_ref1","dialign","0.168","0.000","179.513"
"ref1","test2","2pia_ref1","poa","0.337","0.121","149.503"
"ref1","test2","2pia_ref1","clustalw2","0.616","0.531","128.781"
"ref6","test_2c","zf_1_ref6","tcoffee","","","2550.866"
"ref6","test_2c","zf_1_ref6","dialign","","","1807.852"
"ref6","test_2c","zf_1_ref6","poa","","","652.345"
"ref6","test_2c","zf_1_ref6","clustalw2","","","1402.393"
"ref1","test3","2ack_ref1","tcoffee","0.799","0.652","930.218"
"ref1","test3","2ack_ref1","dialign","0.719","0.559","522.138"
"ref1","test3","2ack_ref1","poa","0.699","0.542","218.418"
"ref1","test3","2ack_ref1","clustalw2","0.686","0.512","286.157"
"ref6","test_2c","faa_1_ref6","tcoffee","","","1422.769"
"ref6","test_2c","faa_1_ref6","dialign","","","826.148"
"ref6","test_2c","faa_1_ref6","poa","","","262.737"
"ref6","test_2c","faa_1_ref6","clustalw2","","","403.077"
"ref5","test","1thm2_ref5","tcoffee","0.904","0.735","498.608"
"ref5","test","1thm2_ref5","dialign","0.610","0.013","244.074"
"ref5","test","1thm2_ref5","poa","0.746","0.258","140.342"
"ref5","test","1thm2_ref5","clustalw2","0.864","0.619","107.51"
"ref1","test3","3pmg_ref1","tcoffee","0.980","0.973","618.233"
"ref1","test3","3pmg_ref1","dialign","0.944","0.902","312.457"
"ref1","test3","3pmg_ref1","poa","0.952","0.919","176.612"
"ref1","test3","3pmg_ref1","clustalw2","0.950","0.923","280.83"
"ref4","test","1pysA_ref4","tcoffee","0.671","0.364","461.587"
"ref4","test","1pysA_ref4","dialign","0.723","0.464","138.035"
"ref4","test","1pysA_ref4","poa","0.653","0.359","139.586"
"ref4","test","1pysA_ref4","clustalw2","0.558","0.177","115.17"
"ref1","test3","1cpt_ref1","tcoffee","0.720","0.532","449.174"
"ref1","test3","1cpt_ref1","dialign","0.648","0.443","175.064"
"ref1","test3","1cpt_ref1","poa","0.498","0.301","151.538"
"ref1","test3","1cpt_ref1","clustalw2","0.718","0.513","185.84"
"ref6","test_4","zf_1_ref6","tcoffee","","","14696.733"
"ref6","test_4","zf_1_ref6","dialign","","",""
"ref6","test_4","zf_1_ref6","poa","","",""
"ref6","test_4","zf_1_ref6","clustalw2","","","5907.619"
"ref8","test","gsh_2_ref8","tcoffee","0.640","0.109","6094.802"
"ref8","test","gsh_2_ref8","dialign","0.584","0.038","4609.39"
"ref8","test","gsh_2_ref8","poa","0.531","0.000","829.935"
"ref8","test","gsh_2_ref8","clustalw2","0.600","0.038","1687.829"
"ref2","test1","2pia_ref2","tcoffee","0.906","0.604","2483.039"
"ref2","test1","2pia_ref2","dialign","0.729","0.000","1396.214"
"ref2","test1","2pia_ref2","poa","0.817","0.404","374.798"
"ref2","test1","2pia_ref2","clustalw2","0.836","0.421","739.907"
"ref2","test1","1cpt_ref2","tcoffee","0.895","0.640","3798.649"
"ref2","test1","1cpt_ref2","dialign","0.823","0.286","2575.109"
"ref2","test1","1cpt_ref2","poa","0.755","0.329","665.177"
"ref2","test1","1cpt_ref2","clustalw2","0.847","0.586","1186.915"
"ref1","test2","3grs_ref1","tcoffee","0.431","0.166","395.88"
"ref1","test2","3grs_ref1","dialign","0.286","0.091","128.107"
"ref1","test2","3grs_ref1","poa","0.222","0.059","119.406"
"ref1","test2","3grs_ref1","clustalw2","0.378","0.214","123.309"
"ref1","test3","1bgl_ref1","tcoffee","0.875","0.795","1831.642"
"ref1","test3","1bgl_ref1","dialign","0.833","0.718","933.926"
"ref1","test3","1bgl_ref1","poa","0.800","0.699","340.673"
"ref1","test3","1bgl_ref1","clustalw2","0.854","0.742","847.261"
"ref1","test3","1adj_ref1","tcoffee","0.976","0.957","573.142"
"ref1","test3","1adj_ref1","dialign","0.924","0.862","187.158"
"ref1","test3","1adj_ref1","poa","0.893","0.812","158.503"
"ref1","test3","1adj_ref1","clustalw2","0.935","0.869","253.901"
"ref1","test2","1pgtA_ref1","tcoffee","0.916","0.845","348.575"
"ref1","test2","1pgtA_ref1","dialign","0.844","0.773","109.187"
"ref1","test2","1pgtA_ref1","poa","0.728","0.531","384.201"
"ref1","test2","1pgtA_ref1","clustalw2","0.941","0.907","59.071"
"ref5","test","1thm1_ref5","tcoffee","0.861","0.640","978.831"
"ref5","test","1thm1_ref5","dialign","0.586","0.012","485.213"
"ref5","test","1thm1_ref5","poa","0.603","0.287","210.508"
"ref5","test","1thm1_ref5","clustalw2","0.734","0.457","191.914"
"ref2","test1","1pamA_ref2","tcoffee","0.820","0.490","8444.136"
"ref2","test1","1pamA_ref2","dialign","0.688","0.000","6100.483"
"ref2","test1","1pamA_ref2","poa","0.771","0.283","940.478"
"ref2","test1","1pamA_ref2","clustalw2","0.812","0.499","2436.164"
"ref1","test2","1havA_ref1","tcoffee","0.397","0.164","395.552"
"ref1","test2","1havA_ref1","dialign","0.120","0.000","146.866"
"ref1","test2","1havA_ref1","poa","0.148","0.090","142.12"
"ref1","test2","1havA_ref1","clustalw2","0.227","0.107","90.736"
"ref1","test1","1fkj_ref1","tcoffee","0.924","0.832","204.643"
"ref1","test1","1fkj_ref1","dialign","0.861","0.768","80.461"
"ref1","test1","1fkj_ref1","poa","0.894","0.779","129.706"
"ref1","test1","1fkj_ref1","clustalw2","0.939","0.853","53.026"
"ref5","test","1pysA_ref5","tcoffee","0.759","0.362","1069.707"
"ref5","test","1pysA_ref5","dialign","0.664","0.189","524.465"
"ref5","test","1pysA_ref5","poa","0.370","0.043","243.374"
"ref5","test","1pysA_ref5","clustalw2","0.572","0.189","356.282"
"ref1","test2","1mrj_ref1","tcoffee","0.937","0.899","307.015"
"ref1","test2","1mrj_ref1","dialign","0.834","0.730","185.073"
"ref1","test2","1mrj_ref1","poa","0.866","0.781","115.616"
"ref1","test2","1mrj_ref1","clustalw2","0.853","0.768","88.498"
"ref2","test1","1havA_ref2","tcoffee","0.879","0.374","1873.617"
"ref2","test1","1havA_ref2","dialign","0.595","0.000","982.163"
"ref2","test1","1havA_ref2","poa","0.783","0.252","253.084"
"ref2","test1","1havA_ref2","clustalw2","0.823","0.301","455.831"
"ref8","test","gsh_1_ref8","tcoffee","0.391","0.000","6688.705"
"ref8","test","gsh_1_ref8","dialign","0.392","0.000","5028.065"
"ref8","test","gsh_1_ref8","poa","0.371","0.000","846.231"
"ref8","test","gsh_1_ref8","clustalw2","0.391","0.000","1688.449"
"ref4","test","1ycc_ref4","tcoffee","0.799","0.389","351.162"
"ref4","test","1ycc_ref4","dialign","0.631","0.000","238.24"
"ref4","test","1ycc_ref4","poa","0.692","0.208","132.328"
"ref4","test","1ycc_ref4","clustalw2","0.785","0.264","108.1"
"ref2","test1","3grs_ref2","tcoffee","0.853","0.375","1655.655"
"ref2","test1","3grs_ref2","dialign","0.524","0.000","1029.409"
"ref2","test1","3grs_ref2","poa","0.772","0.176","270.206"
"ref2","test1","3grs_ref2","clustalw2","0.788","0.079","645.554"
"ref1","test1","451c_ref1","tcoffee","0.637","0.508","259.543"
"ref1","test1","451c_ref1","dialign","0.440","0.108","116.416"
"ref1","test1","451c_ref1","poa","0.518","0.123","130.817"
"ref1","test1","451c_ref1","clustalw2","0.555","0.338","29.655"
"ref2","test1","2myr_ref2","tcoffee","0.932","0.673","6753.516"
"ref2","test1","2myr_ref2","dialign","0.651","0.000","3835.26"
"ref2","test1","2myr_ref2","poa","0.832","0.518","999.735"
"ref2","test1","2myr_ref2","clustalw2","0.893","0.585","2094.071"
"ref8","test","cellulase_2_ref8","tcoffee","","","85.57"
"ref8","test","cellulase_2_ref8","dialign","","","107.973"
"ref8","test","cellulase_2_ref8","poa","","","20.518"
"ref8","test","cellulase_2_ref8","clustalw2","","","61.987"
"ref4","test","1vln_ref4","tcoffee","0.961","0.786","714.303"
"ref4","test","1vln_ref4","dialign","0.719","0.000","445.345"
"ref4","test","1vln_ref4","poa","0.879","0.573","157.707"
"ref4","test","1vln_ref4","clustalw2","0.891","0.641","170.928"
"ref1","test3","1gtr_ref1","tcoffee","0.962","0.919","752.084"
"ref1","test3","1gtr_ref1","dialign","0.962","0.916","396.855"
"ref1","test3","1gtr_ref1","poa","0.899","0.796","177.89"
"ref1","test3","1gtr_ref1","clustalw2","0.948","0.899","244.633"
"ref6","test_2b","myb_ref6","tcoffee","","","19278.633"
"ref6","test_2b","myb_ref6","dialign","","","17280.335"
"ref6","test_2b","myb_ref6","poa","","","2659.975"
"ref6","test_2b","myb_ref6","clustalw2","","","5549.89"
"ref1","test3","2myr_ref1","tcoffee","0.552","0.348","584.257"
"ref1","test3","2myr_ref1","dialign","0.228","0.025","305.514"
"ref1","test3","2myr_ref1","poa","0.082","0.000","174.911"
"ref1","test3","2myr_ref1","clustalw2","0.394","0.225","225.158"
"ref1","test3","1taq_ref1","tcoffee","0.893","0.837","2321.345"
"ref1","test3","1taq_ref1","dialign","0.834","0.725","1321.608"
"ref1","test3","1taq_ref1","poa","0.855","0.764","673.459"
"ref1","test3","1taq_ref1","clustalw2","0.874","0.810","1019.603"
"ref8","test","cellulase_1_ref8","tcoffee","","","91.894"
"ref8","test","cellulase_1_ref8","dialign","","","39.469"
"ref8","test","cellulase_1_ref8","poa","","","20.058"
"ref8","test","cellulase_1_ref8","clustalw2","","","55.181"
"ref1","test1","1aab_ref1","tcoffee","","","719.478"
"ref1","test1","1aab_ref1","dialign","","","40.509"
"ref1","test1","1aab_ref1","poa","","","16.436"
"ref1","test1","1aab_ref1","clustalw2","","","18.333"
"ref1","test1","1wit_ref1","tcoffee","0.759","0.624","695.469"
"ref1","test1","1wit_ref1","dialign","0.608","0.306","70.029"
"ref1","test1","1wit_ref1","poa","0.536","0.341","117.164"
"ref1","test1","1wit_ref1","clustalw2","0.693","0.506","46.858"
"ref6","test","ion_ref6","tcoffee","","",""
"ref6","test","ion_ref6","dialign","","",""
"ref6","test","ion_ref6","poa","","",""
"ref6","test","ion_ref6","clustalw2","","","32017.169"
"ref1","test3","1sesA_ref1","tcoffee","0.966","0.931","735.583"
"ref1","test3","1sesA_ref1","dialign","0.931","0.859","464.428"
"ref1","test3","1sesA_ref1","poa","0.896","0.819","206.761"
"ref1","test3","1sesA_ref1","clustalw2","0.942","0.871","342.879"
"ref1","test2","1uky_ref1","tcoffee","0.489","0.247","288.095"
"ref1","test2","1uky_ref1","dialign","0.318","0.136","246.433"
"ref1","test2","1uky_ref1","poa","0.186","0.111","139.496"
"ref1","test2","1uky_ref1","clustalw2","0.517","0.253","63.078"
"ref1","test1","1hpi_ref1","tcoffee","0.874","0.785","169.783"
"ref1","test1","1hpi_ref1","dialign","0.697","0.508","74.078"
"ref1","test1","1hpi_ref1","poa","0.656","0.523","115.233"
"ref1","test1","1hpi_ref1","clustalw2","0.864","0.769","35.595"
"ref6","test_2b","apo_3_ref6","tcoffee","","","1356.877"
"ref6","test_2b","apo_3_ref6","dialign","","","1712.295"
"ref6","test_2b","apo_3_ref6","poa","","","243.936"
"ref6","test_2b","apo_3_ref6","clustalw2","","","554.934"
"ref6","test","ktn+trk_ref6","tcoffee","","","9757.241"
"ref6","test","ktn+trk_ref6","dialign","","","7416.742"
"ref6","test","ktn+trk_ref6","poa","","","1504.916"
"ref6","test","ktn+trk_ref6","clustalw2","","","2138.523"
"ref1","test3","1fieA_ref1","tcoffee","0.943","0.905","960.66"
"ref1","test3","1fieA_ref1","dialign","0.939","0.909","528.983"
"ref1","test3","1fieA_ref1","poa","0.850","0.748","217.719"
"ref1","test3","1fieA_ref1","clustalw2","0.938","0.902","450.018"
"ref6","test_2c","apo_2_ref6","tcoffee","","","600.104"
"ref6","test_2c","apo_2_ref6","dialign","","","453.158"
"ref6","test_2c","apo_2_ref6","poa","","","165.257"
"ref6","test_2c","apo_2_ref6","clustalw2","","","185.612"
"ref2","test1","1uky_ref2","tcoffee","0.903","0.425","3532.065"
"ref2","test1","1uky_ref2","dialign","0.771","0.022","2235.933"
"ref2","test1","1uky_ref2","poa","0.816","0.346","590.407"
"ref2","test1","1uky_ref2","clustalw2","0.855","0.318","740.831"
"ref6","test_1b","sushi_ref6","tcoffee","","","1439.692"
"ref6","test_1b","sushi_ref6","dialign","","","517.414"
"ref6","test_1b","sushi_ref6","poa","","","260.156"
"ref6","test_1b","sushi_ref6","clustalw2","","","504.726"
"ref6","test_2b","ank_4_ref6","tcoffee","","","274.949"
"ref6","test_2b","ank_4_ref6","dialign","","","115.144"
"ref6","test_2b","ank_4_ref6","poa","","","118.327"
"ref6","test_2b","ank_4_ref6","clustalw2","","","186.594"
"ref6","test_2b","apo_2_ref6","tcoffee","","","1811.338"
"ref6","test_2b","apo_2_ref6","dialign","","","2075.708"
"ref6","test_2b","apo_2_ref6","poa","","","287.967"
"ref6","test_2b","apo_2_ref6","clustalw2","","","705.7"
"ref2","test1","1idy","tcoffee","0.863","0.339","610.474"
"ref2","test1","1idy","dialign","0.758","0.000","426.862"
"ref2","test1","1idy","poa","0.791","0.000","143.709"
"ref2","test1","1idy","clustalw2","0.864","0.536","80.046"
"ref6","test","dead_ref6","tcoffee","","",""
"ref6","test","dead_ref6","dialign","","",""
"ref6","test","dead_ref6","poa","","","14617.942"
"ref6","test","dead_ref6","clustalw2","","","30136.151"
"ref6","test_2c","apo_1_ref6","tcoffee","","","742.108"
"ref6","test_2c","apo_1_ref6","dialign","","","541.351"
"ref6","test_2c","apo_1_ref6","poa","","","162.368"
"ref6","test_2c","apo_1_ref6","clustalw2","","","206.97"
"ref6","test","faa_ref6","tcoffee","","","15916.304"
"ref6","test","faa_ref6","dialign","","","10008.496"
"ref6","test","faa_ref6","poa","","","1922.184"
"ref6","test","faa_ref6","clustalw2","","","3122.192"
"ref6","test_4","ank_2_ref6","tcoffee","","","2524.067"
"ref6","test_4","ank_2_ref6","dialign","","","1663.445"
"ref6","test_4","ank_2_ref6","poa","","","580.766"
"ref6","test_4","ank_2_ref6","clustalw2","","","1191.382"
"ref1","test1","1csp_ref1","tcoffee","0.968","0.921","228.127"
"ref1","test1","1csp_ref1","dialign","0.956","0.889","67.764"
"ref1","test1","1csp_ref1","poa","0.921","0.841","104.983"
"ref1","test1","1csp_ref1","clustalw2","0.981","0.952","44.789"
"ref1","test2","1bbt3_ref1","tcoffee","0.363","0.106","353.612"
"ref1","test2","1bbt3_ref1","dialign","0.322","0.146","129.906"
"ref1","test2","1bbt3_ref1","poa","0.221","0.081","123.831"
"ref1","test2","1bbt3_ref1","clustalw2","0.412","0.000","57.514"
"ref6","test_2c","sh3_3_ref6","tcoffee","","","1351.771"
"ref6","test_2c","sh3_3_ref6","dialign","","","606.517"
"ref6","test_2c","sh3_3_ref6","poa","","","282.748"
"ref6","test_2c","sh3_3_ref6","clustalw2","","","409.702"
"ref1","test3","1lvl_ref1","tcoffee","0.596","0.334","620.097"
"ref1","test3","1lvl_ref1","dialign","0.460","0.212","289.44"
"ref1","test3","1lvl_ref1","poa","0.327","0.081","159.906"
"ref1","test3","1lvl_ref1","clustalw2","0.394","0.060","162.06"
"ref2","test1","1lvl_ref2","tcoffee","0.912","0.519","12257.89"
"ref2","test1","1lvl_ref2","dialign","0.883","0.471","9607.547"
"ref2","test1","1lvl_ref2","poa","0.839","0.343","1667.286"
"ref2","test1","1lvl_ref2","clustalw2","0.840","0.310","3503.152"
"ref1","test2","2cba_ref1","tcoffee","0.815","0.672","457.86"
"ref1","test2","2cba_ref1","dialign","0.476","0.000","250.4"
"ref1","test2","2cba_ref1","poa","0.634","0.392","125.416"
"ref1","test2","2cba_ref1","clustalw2","0.702","0.485","134.189"
"ref6","test_4","sh3_2_ref6","tcoffee","","","7096.061"
"ref6","test_4","sh3_2_ref6","dialign","","","5919.448"
"ref6","test_4","sh3_2_ref6","poa","","","1086.189"
"ref6","test_4","sh3_2_ref6","clustalw2","","","3260.46"
"ref1","test2","1sbp_ref1","tcoffee","0.588","0.355","482.176"
"ref1","test2","1sbp_ref1","dialign","0.332","0.168","235.994"
"ref1","test2","1sbp_ref1","poa","0.173","0.000","130.628"
"ref1","test2","1sbp_ref1","clustalw2","0.467","0.264","127.381"
"ref2","test1","1wit_ref2","tcoffee","0.821","0.612","1018.436"
"ref2","test1","1wit_ref2","dialign","0.612","0.000","534.932"
"ref2","test1","1wit_ref2","poa","0.739","0.459","165.583"
"ref2","test1","1wit_ref2","clustalw2","0.800","0.435","148.076"
"ref3","test","1r69_ref3","tcoffee","0.586","0.434","958.395"
"ref3","test","1r69_ref3","dialign","0.452","0.000","513.881"
"ref3","test","1r69_ref3","poa","0.315","0.000","162.36"
"ref3","test","1r69_ref3","clustalw2","0.555","0.208","82.176"
"ref6","test_2a","apo_3_ref6","tcoffee","","","612.429"
"ref6","test_2a","apo_3_ref6","dialign","","","592.003"
"ref6","test_2a","apo_3_ref6","poa","","","163.133"
"ref6","test_2a","apo_3_ref6","clustalw2","","","228.967"
"ref7","test","ion_ref7","tcoffee","","",""
"ref7","test","ion_ref7","dialign","0.362","0.000","128247.038"
"ref7","test","ion_ref7","poa","0.292","0.000","23202.267"
"ref7","test","ion_ref7","clustalw2","0.328","0.000","35404.388"
"ref6","test_3","ank_2_ref6","tcoffee","","","1204.308"
"ref6","test_3","ank_2_ref6","dialign","","","567.139"
"ref6","test_3","ank_2_ref6","poa","","","281.097"
"ref6","test_3","ank_2_ref6","clustalw2","","","424.06"
"ref6","test_2c","ank_2_ref6","tcoffee","","","5947.294"
"ref6","test_2c","ank_2_ref6","dialign","","","3739.802"
"ref6","test_2c","ank_2_ref6","poa","","",""
"ref6","test_2c","ank_2_ref6","clustalw2","","","2774.573"
"ref1","test2","1aym3_ref1","tcoffee","0.919","0.872","313.42"
"ref1","test2","1aym3_ref1","dialign","0.861","0.777","185.808"
"ref1","test2","1aym3_ref1","poa","0.853","0.773","150.895"
"ref1","test2","1aym3_ref1","clustalw2","0.934","0.886","107.545"
"ref6","test_4","ank_1_ref6","tcoffee","","","2706.504"
"ref6","test_4","ank_1_ref6","dialign","","","1534.609"
"ref6","test_4","ank_1_ref6","poa","","","581.737"
"ref6","test_4","ank_1_ref6","clustalw2","","","948.382"
"ref3","test","kinase_ref3","tcoffee","0.846","0.658","5217.104"
"ref3","test","kinase_ref3","dialign","0.730","0.487","3080.203"
"ref3","test","kinase_ref3","poa","0.725","0.465","779.965"
"ref3","test","kinase_ref3","clustalw2","0.761","0.566","1151.083"
"ref6","test_2c","sh3_2_ref6","tcoffee","","","990.682"
"ref6","test_2c","sh3_2_ref6","dialign","","","683.591"
"ref6","test_2c","sh3_2_ref6","poa","","","315.661"
"ref6","test_2c","sh3_2_ref6","clustalw2","","","459.9"
"ref6","test_1b","sh3_2_ref6","tcoffee","","","1267.801"
"ref6","test_1b","sh3_2_ref6","dialign","","","499.975"
"ref6","test_1b","sh3_2_ref6","poa","","","264.574"
"ref6","test_1b","sh3_2_ref6","clustalw2","","","395.549"
"ref2","test1","1sbp_ref2","tcoffee","0.868","0.242","2095.051"
"ref2","test1","1sbp_ref2","dialign","0.757","0.023","1369.914"
"ref2","test1","1sbp_ref2","poa","0.721","0.088","406.844"
"ref2","test1","1sbp_ref2","clustalw2","0.790","0.037","671.507"
"ref6","test_4","sh3_1_ref6","tcoffee","","","7603.526"
"ref6","test_4","sh3_1_ref6","dialign","","","6340.799"
"ref6","test_4","sh3_1_ref6","poa","","","1291.12"
"ref6","test_4","sh3_1_ref6","clustalw2","","","3426.746"
"ref6","test_1a","sushi_ref6","tcoffee","","","573.28"
"ref6","test_1a","sushi_ref6","dialign","","","227.997"
"ref6","test_1a","sushi_ref6","poa","","","155.879"
"ref6","test_1a","sushi_ref6","clustalw2","","","183.613"
"ref6","test_2a","apo_2_ref6","tcoffee","","","512.758"
"ref6","test_2a","apo_2_ref6","dialign","","","428.056"
"ref6","test_2a","apo_2_ref6","poa","","","163.306"
"ref6","test_2a","apo_2_ref6","clustalw2","","","197.123"
"ref6","test_2b","ank_3_ref6","tcoffee","","","923.54"
"ref6","test_2b","ank_3_ref6","dialign","","","510.751"
"ref6","test_2b","ank_3_ref6","poa","","","241.795"
"ref6","test_2b","ank_3_ref6","clustalw2","","","380.788"
"ref6","test_2b","apo_1_ref6","tcoffee","","","3353.677"
"ref6","test_2b","apo_1_ref6","dialign","","","3709.748"
"ref6","test_2b","apo_1_ref6","poa","","","384.647"
"ref6","test_2b","apo_1_ref6","clustalw2","","","916.249"
"ref1","test2","1amk_ref1","tcoffee","0.983","0.966","355.511"
"ref1","test2","1amk_ref1","dialign","0.977","0.954","243.663"
"ref1","test2","1amk_ref1","poa","0.956","0.916","134.65"
"ref1","test2","1amk_ref1","clustalw2","0.978","0.958","96.84"
"ref6","test_2b","sh3_2_ref6","tcoffee","","","1077.997"
"ref6","test_2b","sh3_2_ref6","dialign","","","570.53"
"ref6","test_2b","sh3_2_ref6","poa","","","238.384"
"ref6","test_2b","sh3_2_ref6","clustalw2","","","295.963"
"ref5","test","1eft_ref5","tcoffee","0.626","0.263","868.257"
"ref5","test","1eft_ref5","dialign","0.594","0.278","392.497"
"ref5","test","1eft_ref5","poa","0.291","0.000","183.066"
"ref5","test","1eft_ref5","clustalw2","0.400","0.000","139.286"
"ref1","test2","1ar5A_ref1","tcoffee","0.948","0.916","343.434"
"ref1","test2","1ar5A_ref1","dialign","0.916","0.864","97.596"
"ref1","test2","1ar5A_ref1","poa","0.884","0.822","120.391"
"ref1","test2","1ar5A_ref1","clustalw2","0.995","0.990","57.984"
"ref6","test_2c","sh3_1_ref6","tcoffee","","","5462.321"
"ref6","test_2c","sh3_1_ref6","dialign","","","2552.426"
"ref6","test_2c","sh3_1_ref6","poa","","","877.375"
"ref6","test_2c","sh3_1_ref6","clustalw2","","","1515.208"
"ref6","test_1b","sh3_1_ref6","tcoffee","","","812.128"
"ref6","test_1b","sh3_1_ref6","dialign","","","386.019"
"ref6","test_1b","sh3_1_ref6","poa","","","194.94"
"ref6","test_1b","sh3_1_ref6","clustalw2","","","236.769"
"ref6","test_2a","sushi_ref6","tcoffee","","","279.731"
"ref6","test_2a","sushi_ref6","dialign","","","210.487"
"ref6","test_2a","sushi_ref6","poa","","","123.987"
"ref6","test_2a","sushi_ref6","clustalw2","","","58.797"
"ref6","test_2a","apo_1_ref6","tcoffee","","","434.231"
"ref6","test_2a","apo_1_ref6","dialign","","","152.088"
"ref6","test_2a","apo_1_ref6","poa","","","130.97"
"ref6","test_2a","apo_1_ref6","clustalw2","","","84.662"
"ref1","test2","1zin_ref1","tcoffee","0.963","0.937","344.087"
"ref1","test2","1zin_ref1","dialign","0.924","0.859","102.962"
"ref1","test2","1zin_ref1","poa","0.915","0.849","125.244"
"ref1","test2","1zin_ref1","clustalw2","0.955","0.917","64.953"
"ref6","test_2b","ank_2_ref6","tcoffee","","","335.119"
"ref6","test_2b","ank_2_ref6","dialign","","","100.38"
"ref6","test_2b","ank_2_ref6","poa","","","149.467"
"ref6","test_2b","ank_2_ref6","clustalw2","","","76.052"
"ref7","test","msl_ref7","tcoffee","0.823","0.530","957.033"
"ref7","test","msl_ref7","dialign","0.823","0.496","453.695"
"ref7","test","msl_ref7","poa","0.753","0.400","170.225"
"ref7","test","msl_ref7","clustalw2","0.840","0.539","156.221"
"ref1","test3","4enl_ref1","tcoffee","0.540","0.401","348.264"
"ref1","test3","4enl_ref1","dialign","0.391","0.256","199.14"
"ref1","test3","4enl_ref1","poa","0.177","0.000","148.939"
"ref1","test3","4enl_ref1","clustalw2","0.552","0.443","85.381"
"ref8","test","lectin_2_ref8","tcoffee","0.721","0.410","8089.089"
"ref8","test","lectin_2_ref8","dialign","0.621","0.000","5563.755"
"ref8","test","lectin_2_ref8","poa","0.647","0.290","842.487"
"ref8","test","lectin_2_ref8","clustalw2","0.659","0.400","1638.838"
"ref6","test_3","ank_1_ref6","tcoffee","","","6408.98"
"ref6","test_3","ank_1_ref6","dialign","","",""
"ref6","test_3","ank_1_ref6","poa","","",""
"ref6","test_3","ank_1_ref6","clustalw2","","","3945.254"
"ref1","test1","1idy_ref1","tcoffee","0.658","0.562","239.755"
"ref1","test1","1idy_ref1","dialign","0.062","0.000","129.642"
"ref1","test1","1idy_ref1","poa","0.000","0.000","145.745"
"ref1","test1","1idy_ref1","clustalw2","0.548","0.375","33.637"
"ref6","test_2c","ank_1_ref6","tcoffee","","","3638.077"
"ref6","test_2c","ank_1_ref6","dialign","","","1659.162"
"ref6","test_2c","ank_1_ref6","poa","","","611.942"
"ref6","test_2c","ank_1_ref6","clustalw2","","","1171.312"
"ref2","test1","4enl_ref2","tcoffee","0.881","0.202","5372.573"
"ref2","test1","4enl_ref2","dialign","0.860","0.081","4547.264"
"ref2","test1","4enl_ref2","poa","0.859","0.109","681.981"
"ref2","test1","4enl_ref2","clustalw2","0.869","0.131","1760.847"
"ref1","test2","1tis_ref1","tcoffee","0.980","0.961","456.192"
"ref1","test2","1tis_ref1","dialign","0.971","0.949","210.645"
"ref1","test2","1tis_ref1","poa","0.900","0.777","188.518"
"ref1","test2","1tis_ref1","clustalw2","0.968","0.922","164.214"
"ref1","test3","1rthA_ref1","tcoffee","0.934","0.858","985.615"
"ref1","test3","1rthA_ref1","dialign","0.879","0.780","501.051"
"ref1","test3","1rthA_ref1","poa","0.904","0.809","277.475"
"ref1","test3","1rthA_ref1","clustalw2","0.902","0.809","411.687"
"ref6","test_2b","ank_1_ref6","tcoffee","","","3617.171"
"ref6","test_2b","ank_1_ref6","dialign","","","1972.92"
"ref6","test_2b","ank_1_ref6","poa","","","740.462"
"ref6","test_2b","ank_1_ref6","clustalw2","","","1199.362"
"ref8","test","lectin_1_ref8","tcoffee","0.647","0.000","8616.51"
"ref8","test","lectin_1_ref8","dialign","0.545","0.000","6442.36"
"ref8","test","lectin_1_ref8","poa","0.666","0.276","1000.721"
"ref8","test","lectin_1_ref8","clustalw2","0.536","0.000","1777.692"
"ref6","test_2b","sh3_1_ref6","tcoffee","","","1862.427"
"ref6","test_2b","sh3_1_ref6","dialign","","","1445.326"
"ref6","test_2b","sh3_1_ref6","poa","","","576.703"
"ref6","test_2b","sh3_1_ref6","clustalw2","","","1129.519"
"ref1","test1","1tgxA_ref1","tcoffee","0.849","0.731","540.853"
"ref1","test1","1tgxA_ref1","dialign","0.827","0.731","80.779"
"ref1","test1","1tgxA_ref1","poa","0.535","0.346","121.105"
"ref1","test1","1tgxA_ref1","clustalw2","0.833","0.731","90.537"
"ref2","test1","1idy_ref2","tcoffee","0.948","0.643","548.42"
"ref2","test1","1idy_ref2","dialign","0.832","0.000","328.835"
"ref2","test1","1idy_ref2","poa","0.851","0.250","138.359"
"ref2","test1","1idy_ref2","clustalw2","0.940","0.839","154.781"
"ref1","test1","1ubi_ref1","tcoffee","0.627","0.556","168.014"
"ref1","test1","1ubi_ref1","dialign","0.193","0.000","211.931"
"ref1","test1","1ubi_ref1","poa","0.053","0.000","128.31"
"ref1","test1","1ubi_ref1","clustalw2","0.595","0.571","106.993"
"ref2","test1","1tgxA_ref2","tcoffee","0.840","0.321","617.509"
"ref2","test1","1tgxA_ref2","dialign","0.619","0.000","298.975"
"ref2","test1","1tgxA_ref2","poa","0.735","0.208","144.707"
"ref2","test1","1tgxA_ref2","clustalw2","0.794","0.340","76.911"
"ref1","test1","1fmb_ref1","tcoffee","0.969","0.938","173.732"
"ref1","test1","1fmb_ref1","dialign","0.974","0.948","39.741"
"ref1","test1","1fmb_ref1","poa","0.958","0.917","442.605"
"ref1","test1","1fmb_ref1","clustalw2","0.964","0.927","33.499"
"ref6","test_2c","trk_ref6","tcoffee","","","4225.354"
"ref6","test_2c","trk_ref6","dialign","","","2473.183"
"ref6","test_2c","trk_ref6","poa","","","794.989"
"ref6","test_2c","trk_ref6","clustalw2","","","928.371"
"ref6","test_2b","trk_ref6","tcoffee","","","1433.757"
"ref6","test_2b","trk_ref6","dialign","","","841.24"
"ref6","test_2b","trk_ref6","poa","","","358.249"
"ref6","test_2b","trk_ref6","clustalw2","","","519.758"
"ref1","test1","3cyr_ref1","tcoffee","0.857","0.800","256.551"
"ref1","test1","3cyr_ref1","dialign","0.354","0.000","121.65"
"ref1","test1","3cyr_ref1","poa","0.646","0.500","141.037"
"ref1","test1","3cyr_ref1","clustalw2","0.848","0.789","104.517"
"ref3","test","1ped_ref3","tcoffee","0.848","0.551","7373.576"
"ref3","test","1ped_ref3","dialign","0.719","0.000","4387.466"
"ref3","test","1ped_ref3","poa","0.781","0.422","895.522"
"ref3","test","1ped_ref3","clustalw2","0.806","0.505","1648.849"
"ref7","test","ptga_ref7","tcoffee","0.698","0.152","86057.891"
"ref7","test","ptga_ref7","dialign","0.349","0.000","71514.194"
"ref7","test","ptga_ref7","poa","0.334","0.000","11270.745"
"ref7","test","ptga_ref7","clustalw2","0.465","0.026","17869.519"
"ref6","test","apo_ref6","tcoffee","","","21678.204"
"ref6","test","apo_ref6","dialign","","","24298.869"
"ref6","test","apo_ref6","poa","","","1914.11"
"ref6","test","apo_ref6","clustalw2","","","4587.399"
"ref6","test_3","lrr_ref6","tcoffee","","","5744.987"
"ref6","test_3","lrr_ref6","dialign","","","4843.822"
"ref6","test_3","lrr_ref6","poa","","","922.71"
"ref6","test_3","lrr_ref6","clustalw2","","","1977.195"
"ref2","test1","1ubi_ref2","tcoffee","0.796","0.159","631.36"
"ref2","test1","1ubi_ref2","dialign","0.457","0.000","362.649"
"ref2","test1","1ubi_ref2","poa","0.758","0.011","159.892"
"ref2","test1","1ubi_ref2","clustalw2","0.826","0.341","153.241"
"ref1","test1","1ycc_ref1","tcoffee","0.841","0.690","188.919"
"ref1","test1","1ycc_ref1","dialign","0.663","0.357","73.615"
"ref1","test1","1ycc_ref1","poa","0.661","0.405","122.207"
"ref1","test1","1ycc_ref1","clustalw2","0.899","0.798","34.965"
"ref1","test3","1ajsA_ref1","tcoffee","0.331","0.114","441.332"
"ref1","test3","1ajsA_ref1","dialign","0.153","0.010","174.692"
"ref1","test3","1ajsA_ref1","poa","0.102","0.000","176.616"
"ref1","test3","1ajsA_ref1","clustalw2","0.371","0.192","127.137"
"ref1","test1","2trx_ref1","tcoffee","0.708","0.545","154.635"
"ref1","test1","2trx_ref1","dialign","0.686","0.506","51.719"
"ref1","test1","2trx_ref1","poa","0.387","0.000","172.643"
"ref1","test1","2trx_ref1","clustalw2","0.690","0.519","33.728"
"ref1","test3","1dlc_ref1","tcoffee","0.845","0.733","716.535"
"ref1","test3","1dlc_ref1","dialign","0.730","0.599","390.035"
"ref1","test3","1dlc_ref1","poa","0.797","0.662","238.192"
"ref1","test3","1dlc_ref1","clustalw2","0.856","0.754","348.255"
"ref1","test1","1fjlA_ref1","tcoffee","0.960","0.879","177.048"
"ref1","test1","1fjlA_ref1","dialign","0.939","0.828","180.901"
"ref1","test1","1fjlA_ref1","poa","0.901","0.776","144.584"
"ref1","test1","1fjlA_ref1","clustalw2","0.994","0.983","34.657"
"ref7","test","Nat_ref7","tcoffee","0.714","0.105","113341.499"
"ref7","test","Nat_ref7","dialign","0.636","0.000","94467.909"
"ref7","test","Nat_ref7","poa","0.448","0.027","15956.631"
"ref7","test","Nat_ref7","clustalw2","0.646","0.015","23183.395"
"ref8","test","sh3+sh2_2_ref8","tcoffee","0.734","0.000","48613.104"
"ref8","test","sh3+sh2_2_ref8","dialign","0.561","0.000","36329.858"
"ref8","test","sh3+sh2_2_ref8","poa","0.591","0.000","5516.212"
"ref8","test","sh3+sh2_2_ref8","clustalw2","0.714","0.000","11809.868"
"ref4","test","1pfc_ref4","tcoffee","0.579","0.485","1155.252"
"ref4","test","1pfc_ref4","dialign","0.364","0.000","550.685"
"ref4","test","1pfc_ref4","poa","0.490","0.293","233.244"
"ref4","test","1pfc_ref4","clustalw2","0.522","0.434","347.363"
"ref6","test","ank_ref6","tcoffee","","",""
"ref6","test","ank_ref6","dialign","","",""
"ref6","test","ank_ref6","poa","","",""
"ref6","test","ank_ref6","clustalw2","","",""
"ref1","test2","1thm_ref1","tcoffee","0.937","0.877","483.873"
"ref1","test2","1thm_ref1","dialign","0.903","0.808","252.404"
"ref1","test2","1thm_ref1","poa","0.897","0.808","142.658"
"ref1","test2","1thm_ref1","clustalw2","0.908","0.819","170.431"
"ref1","test2","1pysA_ref1","tcoffee","0.961","0.932","333.681"
"ref1","test2","1pysA_ref1","dialign","0.984","0.970","104.531"
"ref1","test2","1pysA_ref1","poa","0.903","0.834","132.917"
"ref1","test2","1pysA_ref1","clustalw2","0.950","0.932","90.947"
"ref8","test","sh3+sh2_1_ref8","tcoffee","0.699","0.000","48760.569"
"ref8","test","sh3+sh2_1_ref8","dialign","0.545","0.000","35890.744"
"ref8","test","sh3+sh2_1_ref8","poa","0.605","0.000","5545.252"
"ref8","test","sh3+sh2_1_ref8","clustalw2","0.692","0.000","11800.395"
"ref6","test","sh3_ref6","tcoffee","","",""
"ref6","test","sh3_ref6","dialign","","",""
"ref6","test","sh3_ref6","poa","","",""
"ref6","test","sh3_ref6","clustalw2","","","80698.13"
"ref4","test","1lkl_ref4","tcoffee","0.828","0.726","1027.011"
"ref4","test","1lkl_ref4","dialign","0.843","0.667","807.583"
"ref4","test","1lkl_ref4","poa","0.727","0.512","651.614"
"ref4","test","1lkl_ref4","clustalw2","0.718","0.548","293.539"
"ref1","test3","1gpb_ref1","tcoffee","0.982","0.957","1747.121"
"ref1","test3","1gpb_ref1","dialign","0.943","0.862","1487.508"
"ref1","test3","1gpb_ref1","poa","0.912","0.822","437.239"
"ref1","test3","1gpb_ref1","clustalw2","0.981","0.954","995.97"
"ref2","test1","1ajsA_ref2","tcoffee","0.890","0.196","4839.297"
"ref2","test1","1ajsA_ref2","dialign","0.852","0.000","3762.964"
"ref2","test1","1ajsA_ref2","poa","0.860","0.111","694.677"
"ref2","test1","1ajsA_ref2","clustalw2","0.869","0.114","1466.279"
"ref4","test","1ckaA_ref4","tcoffee","0.933","0.873","619.026"
"ref4","test","1ckaA_ref4","dialign","0.875","0.764","331.265"
"ref4","test","1ckaA_ref4","poa","0.720","0.473","211.448"
"ref4","test","1ckaA_ref4","clustalw2","0.823","0.618","185.01"
"ref5","test","1ivy_ref5","tcoffee","0.902","0.785","1307.254"
"ref5","test","1ivy_ref5","dialign","0.835","0.668","648.933"
"ref5","test","1ivy_ref5","poa","0.793","0.603","319.925"
"ref5","test","1ivy_ref5","clustalw2","0.818","0.682","392.646"
"ref6","test_2c","myb_2_ref6","tcoffee","","","1606.457"
"ref6","test_2c","myb_2_ref6","dialign","","","850.788"
"ref6","test_2c","myb_2_ref6","poa","","","307.2"
"ref6","test_2c","myb_2_ref6","clustalw2","","","467.208"
"ref1","test2","1ezm_ref1","tcoffee","0.957","0.900","429.478"
"ref1","test2","1ezm_ref1","dialign","0.931","0.832","285.802"
"ref1","test2","1ezm_ref1","poa","0.951","0.889","152.517"
"ref1","test2","1ezm_ref1","clustalw2","0.981","0.954","221.549"
"ref2","test1","2trx_ref2","tcoffee","0.941","0.591","702.909"
"ref2","test1","2trx_ref2","dialign","0.931","0.511","374.526"
"ref2","test1","2trx_ref2","poa","0.875","0.284","160.371"
"ref2","test1","2trx_ref2","clustalw2","0.950","0.614","113.718"
"ref4","test","1dynA_ref4","tcoffee","0.771","0.562","404.665"
"ref4","test","1dynA_ref4","dialign","0.564","0.287","227.822"
"ref4","test","1dynA_ref4","poa","0.257","0.000","161.565"
"ref4","test","1dynA_ref4","clustalw2","0.566","0.237","161.573"
"ref3","test","1pamA_ref3","tcoffee","0.794","0.410","9872.064"
"ref3","test","1pamA_ref3","dialign","0.673","0.030","7609.147"
"ref3","test","1pamA_ref3","poa","0.732","0.241","1136.301"
"ref3","test","1pamA_ref3","clustalw2","0.782","0.293","2635.532"
"ref6","test_2c","myb_1_ref6","tcoffee","","","2100.497"
"ref6","test_2c","myb_1_ref6","dialign","","","1108.234"
"ref6","test_2c","myb_1_ref6","poa","","","397.157"
"ref6","test_2c","myb_1_ref6","clustalw2","","","607.401"
"ref1","test1","2mhr_ref1","tcoffee","0.993","0.981","415.106"
"ref1","test1","2mhr_ref1","dialign","0.946","0.870","87.173"
"ref1","test1","2mhr_ref1","poa","0.935","0.843","132.455"
"ref1","test1","2mhr_ref1","clustalw2","0.989","0.972","127.905"
"ref6","test_1a","zf_ref6","tcoffee","","","883.096"
"ref6","test_1a","zf_ref6","dialign","","","547.295"
"ref6","test_1a","zf_ref6","poa","","","235.697"
"ref6","test_1a","zf_ref6","clustalw2","","","342.296"
"ref6","test_2a","myb_2_ref6","tcoffee","","","17778.027"
"ref6","test_2a","myb_2_ref6","dialign","","","15645.56"
"ref6","test_2a","myb_2_ref6","poa","","","2448.153"
"ref6","test_2a","myb_2_ref6","clustalw2","","","4865.101"
"ref1","test1","1r69_ref1","tcoffee","0.624","0.364","215.732"
"ref1","test1","1r69_ref1","dialign","0.182","0.000","147.169"
"ref1","test1","1r69_ref1","poa","0.052","0.000","139.443"
"ref1","test1","1r69_ref1","clustalw2","0.661","0.418","66.327"
"ref6","test_3","kringle_2_ref6","tcoffee","","","12265.339"
"ref6","test_3","kringle_2_ref6","dialign","","","8312.53"
"ref6","test_3","kringle_2_ref6","poa","","","1217.724"
"ref6","test_3","kringle_2_ref6","clustalw2","","","3596.388"
"ref6","test_2c","kringle_2_ref6","tcoffee","","","5433.889"
"ref6","test_2c","kringle_2_ref6","dialign","","","2689.622"
"ref6","test_2c","kringle_2_ref6","poa","","","995.652"
"ref6","test_2c","kringle_2_ref6","clustalw2","","","1845.653"
"ref1","test3","1gowA_ref1","tcoffee","0.895","0.825","748.233"
"ref1","test3","1gowA_ref1","dialign","0.775","0.660","248.462"
"ref1","test3","1gowA_ref1","poa","0.627","0.379","183.971"
"ref1","test3","1gowA_ref1","clustalw2","0.866","0.776","283.17"
"ref6","test_2b","kringle_2_ref6","tcoffee","","","8468.038"
"ref6","test_2b","kringle_2_ref6","dialign","","","5198.792"
"ref6","test_2b","kringle_2_ref6","poa","","","1017.88"
"ref6","test_2b","kringle_2_ref6","clustalw2","","","3026.156"
"ref6","test_3","kringle_1_ref6","tcoffee","","","78297.412"
"ref6","test_3","kringle_1_ref6","dialign","","",""
"ref6","test_3","kringle_1_ref6","poa","","","8743.329"
"ref6","test_3","kringle_1_ref6","clustalw2","","","19680.08"
"ref6","test_2c","kringle_1_ref6","tcoffee","","","10517.042"
"ref6","test_2c","kringle_1_ref6","dialign","","",""
"ref6","test_2c","kringle_1_ref6","poa","","","1730.355"
"ref6","test_2c","kringle_1_ref6","clustalw2","","","4503.606"
"ref6","test_4","sushi_2_ref6","tcoffee","","","1858.269"
"ref6","test_4","sushi_2_ref6","dialign","","","901.609"
"ref6","test_4","sushi_2_ref6","poa","","","434.896"
"ref6","test_4","sushi_2_ref6","clustalw2","","","686.464"
"ref6","test_1b","zf_ref6","tcoffee","","","916.155"
"ref6","test_1b","zf_ref6","dialign","","","482.363"
"ref6","test_1b","zf_ref6","poa","","","268.385"
"ref6","test_1b","zf_ref6","clustalw2","","","371.209"
"ref4","test","2abk_ref4","tcoffee","0.614","0.198","824.729"
"ref4","test","2abk_ref4","dialign","0.620","0.256","479.757"
"ref4","test","2abk_ref4","poa","0.566","0.099","242.701"
"ref4","test","2abk_ref4","clustalw2","0.469","0.000","203.598"
"ref6","test_2a","myb_1_ref6","tcoffee","","","105292.522"
"ref6","test_2a","myb_1_ref6","dialign","","","78987.799"
"ref6","test_2a","myb_1_ref6","poa","","","11116.429"
"ref6","test_2a","myb_1_ref6","clustalw2","","","12928.49"
"ref2","test1","1r69_ref2","tcoffee","0.893","0.414","841.157"
"ref2","test1","1r69_ref2","dialign","0.843","","617.036"
"ref2","test1","1r69_ref2","poa","0.865","0.431","177.653"
"ref2","test1","1r69_ref2","clustalw2","0.916","0.483","127.149"
"ref2","test1","1aboA_ref2","tcoffee","0.837","0.109","436.149"
"ref2","test1","1aboA_ref2","dialign","0.684","0.000","207.521"
"ref2","test1","1aboA_ref2","poa","0.689","0.000","140.882"
"ref2","test1","1aboA_ref2","clustalw2","0.859","0.455","56.925"
"ref1","test3","glg_ref1","tcoffee","0.887","0.807","838.86"
"ref1","test3","glg_ref1","dialign","0.778","0.689","463.369"
"ref1","test3","glg_ref1","poa","0.652","0.587","247.063"
"ref1","test3","glg_ref1","clustalw2","0.799","0.684","317.265"
"ref6","test_2b","kringle_1_ref6","tcoffee","","","613.987"
"ref6","test_2b","kringle_1_ref6","dialign","","","347.999"
"ref6","test_2b","kringle_1_ref6","poa","","","209.052"
"ref6","test_2b","kringle_1_ref6","clustalw2","","","202.584"
"ref6","test_3","sushi_2_ref6","tcoffee","","","931.957"
"ref6","test_3","sushi_2_ref6","dialign","","","374.749"
"ref6","test_3","sushi_2_ref6","poa","","","302.829"
"ref6","test_3","sushi_2_ref6","clustalw2","","","343.044"
"ref4","test","1mfa_ref4","tcoffee","0.676","0.473","986.647"
"ref4","test","1mfa_ref4","dialign","0.457","0.230","722.492"
"ref4","test","1mfa_ref4","poa","0.528","0.189","229.394"
"ref4","test","1mfa_ref4","clustalw2","0.500","0.000","250.448"
"ref1","test1","1aboA_ref1","tcoffee","0.579","0.229","229.12"
"ref1","test1","1aboA_ref1","dialign","0.581","0.229","123.423"
"ref1","test1","1aboA_ref1","poa","0.275","0.000","113.955"
"ref1","test1","1aboA_ref1","clustalw2","0.688","0.458","27.715"
"ref6","test_4","sushi_1_ref6","tcoffee","","","2129.694"
"ref6","test_4","sushi_1_ref6","dialign","","","939.499"
"ref6","test_4","sushi_1_ref6","poa","","","565.725"
"ref6","test_4","sushi_1_ref6","clustalw2","","","588.214"
"ref5","test","1qpg_ref5","tcoffee","0.896","0.826","689.655"
"ref5","test","1qpg_ref5","dialign","0.888","0.799","469.547"
"ref5","test","1qpg_ref5","poa","0.778","0.572","202.604"
"ref5","test","1qpg_ref5","clustalw2","0.903","0.858","360.193"
"ref6","test_2a","kringle_2_ref6","tcoffee","","","1795.905"
"ref6","test_2a","kringle_2_ref6","dialign","","","1320.108"
"ref6","test_2a","kringle_2_ref6","poa","","","363.753"
"ref6","test_2a","kringle_2_ref6","clustalw2","","","733.191"
"ref1","test2","kinase_ref1","tcoffee","0.727","0.580","583.608"
"ref1","test2","kinase_ref1","dialign","0.604","0.446","196.745"
"ref1","test2","kinase_ref1","poa","0.510","0.312","190.889"
"ref1","test2","kinase_ref1","clustalw2","0.655","0.485","247.236"
"ref6","test_3","sushi_1_ref6","tcoffee","","","1591.329"
"ref6","test_3","sushi_1_ref6","dialign","","","696.869"
"ref6","test_3","sushi_1_ref6","poa","","","374.657"
"ref6","test_3","sushi_1_ref6","clustalw2","","","486.385"
"ref1","test2","1ton_ref1","tcoffee","0.887","0.807","402.938"
"ref1","test2","1ton_ref1","dialign","0.754","0.565","214.358"
"ref1","test2","1ton_ref1","poa","0.705","0.459","184.844"
"ref1","test2","1ton_ref1","clustalw2","0.718","0.546","256.712"
"ref2","test1","kinase_ref2","tcoffee","0.920","0.664","3314.713"
"ref2","test1","kinase_ref2","dialign","0.749","0.021","2145.928"
"ref2","test1","kinase_ref2","poa","0.852","0.485","849.303"
"ref2","test1","kinase_ref2","clustalw2","0.883","0.539","816.259"
"ref6","test_2a","kringle_1_ref6","tcoffee","","","1481.926"
"ref6","test_2a","kringle_1_ref6","dialign","","","957.725"
"ref6","test_2a","kringle_1_ref6","poa","","","358.726"
"ref6","test_2a","kringle_1_ref6","clustalw2","","","623.753"
"ref3","test","2pia_ref3","tcoffee","0.820","0.599","4540.063"
"ref3","test","2pia_ref3","dialign","0.571","0.000","2454.822"
"ref3","test","2pia_ref3","poa","0.559","0.150","682.522"
"ref3","test","2pia_ref3","clustalw2","0.709","0.430","945.109"
"ref1","test3","1ac5_ref1","tcoffee","0.821","0.735","543.885"
"ref1","test3","1ac5_ref1","dialign","0.709","0.624","278.175"
"ref1","test3","1ac5_ref1","poa","0.525","0.232","274.012"
"ref1","test3","1ac5_ref1","clustalw2","0.788","0.696","215.613"
"ref1","test3","1eft_ref1","tcoffee","0.857","0.726","398.913"
"ref1","test3","1eft_ref1","dialign","0.455","0.088","190.334"
"ref1","test3","1eft_ref1","poa","0.794","0.616","186.21"
"ref1","test3","1eft_ref1","clustalw2","0.829","0.707","129.33"
"ref1","test3","gal4_ref1","tcoffee","0.617","0.389","802.247"
"ref1","test3","gal4_ref1","dialign","0.143","0.000","316.395"
"ref1","test3","gal4_ref1","poa","0.232","0.127","199.209"
"ref1","test3","gal4_ref1","clustalw2","0.523","0.353","162.125"
"ref1","test3","arp_ref1","tcoffee","0.901","0.819","710.119"
"ref1","test3","arp_ref1","dialign","0.865","0.762","302.389"
"ref1","test3","arp_ref1","poa","0.799","0.680","201.826"
"ref1","test3","arp_ref1","clustalw2","0.831","0.720","193.678"
"ref1","test1","9rnt_ref1","tcoffee","0.978","0.945","267.524"
"ref1","test1","9rnt_ref1","dialign","0.959","0.912","88.829"
"ref1","test1","9rnt_ref1","poa","0.902","0.769","120.501"
"ref1","test1","9rnt_ref1","clustalw2","0.952","0.901","35.232"
"ref6","test","myb_ref6","tcoffee","","",""
"ref6","test","myb_ref6","dialign","","",""
"ref6","test","myb_ref6","poa","","",""
"ref6","test","myb_ref6","clustalw2","","","56473.306"
"ref1","test3","1pkm_ref1","tcoffee","0.906","0.848","579.286"
"ref1","test3","1pkm_ref1","dialign","0.860","0.784","470.692"
"ref1","test3","1pkm_ref1","poa","0.782","0.664","186.421"
"ref1","test3","1pkm_ref1","clustalw2","0.905","0.846","269.011"
"ref3","test","2myr_ref3","tcoffee","0.707","0.367","8369.456"
"ref3","test","2myr_ref3","dialign","0.472","0.000","6111.861"
"ref3","test","2myr_ref3","poa","0.483","0.119","1553.49"
"ref3","test","2myr_ref3","clustalw2","0.645","0.310","2077.925"
"ref1","test2","1gdoA_ref1","tcoffee","0.834","0.730","340.641"
"ref1","test2","1gdoA_ref1","dialign","0.746","0.554","277.835"
"ref1","test2","1gdoA_ref1","poa","0.661","0.455","136.425"
"ref1","test2","1gdoA_ref1","clustalw2","0.850","0.779","154.816"
"ref6","test_4","lrr_3_ref6","tcoffee","","","6771.846"
"ref6","test_4","lrr_3_ref6","dialign","","","4603.924"
"ref6","test_4","lrr_3_ref6","poa","","","1212.879"
"ref6","test_4","lrr_3_ref6","clustalw2","","","2092.129"
"ref1","test2","1pii_ref1","tcoffee","0.824","0.717","299.996"
"ref1","test2","1pii_ref1","dialign","0.821","0.686","253.766"
"ref1","test2","1pii_ref1","poa","0.717","0.583","135.159"
"ref1","test2","1pii_ref1","clustalw2","0.807","0.668","125.136"
"ref1","test1","2fxb_ref1","tcoffee","0.959","0.926","687.191"
"ref1","test1","2fxb_ref1","dialign","0.889","0.722","62.573"
"ref1","test1","2fxb_ref1","poa","0.963","0.907","122.33"
"ref1","test1","2fxb_ref1","clustalw2","0.993","0.981","25.926"
"ref6","test_4","lrr_2_ref6","tcoffee","","","6519.138"
"ref6","test_4","lrr_2_ref6","dialign","","","4816.67"
"ref6","test_4","lrr_2_ref6","poa","","","1283.977"
"ref6","test_4","lrr_2_ref6","clustalw2","","","2037.922"
"ref6","test","kringle_ref6","tcoffee","","",""
"ref6","test","kringle_ref6","dialign","","",""
"ref6","test","kringle_ref6","poa","","",""
"ref6","test","kringle_ref6","clustalw2","","","26197.937"
"ref1","test2","1ldg_ref1","tcoffee","0.942","0.901","359.662"
"ref1","test2","1ldg_ref1","dialign","0.456","0.000","294.412"
"ref1","test2","1ldg_ref1","poa","0.811","0.710","159.261"
"ref1","test2","1ldg_ref1","clustalw2","0.920","0.860","440.706"
"ref3","test","1uky_ref3","tcoffee","0.616","0.103","3814.714"
"ref3","test","1uky_ref3","dialign","0.471","0.000","2457.852"
"ref3","test","1uky_ref3","poa","0.500","0.090","604.155"
"ref3","test","1uky_ref3","clustalw2","0.527","0.097","676.811"
"ref1","test3","1ad3_ref1","tcoffee","0.951","0.915","461.966"
"ref1","test3","1ad3_ref1","dialign","0.470","0.000","274.57"
"ref1","test3","1ad3_ref1","poa","0.943","0.893","216.586"
"ref1","test3","1ad3_ref1","clustalw2","0.951","0.913","181.445"
"ref1","test2","1ad2_ref1","tcoffee","0.922","0.868","231.508"
"ref1","test2","1ad2_ref1","dialign","0.882","0.810","106.736"
"ref1","test2","1ad2_ref1","poa","0.810","0.677","142.262"
"ref1","test2","1ad2_ref1","clustalw2","0.854","0.762","55.09"
